ts	phase	decision	why	evidence	result
2026-10-06T02:30:59Z	frame	Make Expo the sole production web UI while preserving existing browser data and APIs	The requested complete web phase must replace the shipped reader rather than leave a separate proof	mobile/README.md; docs/architecture-decisions.md; commit3032630	open
2026-10-06T02:38:36Z	design	Select genuine Expo export with the existing Next API host	One frontend compiler completes the Expo migration while retaining the hardened HTTP boundary	docs/migrations/expo-web.md	independent design judge selected this candidate
2026-10-06T02:38:36Z	baseline	Capture the original reader and manager before replacing them	Browser behavior must remain observable through the native UI	/workspace/scratch/expo-web/baseline-browser.log	48 browser tests passed
2026-10-06T02:38:36Z	runtime	Serve the actual Expo export at root with complete precaching	Offline snapshots alone cannot prove offline shell reload	/workspace/scratch/expo-web/runtime/sketch.json	root and offline reload passed
2026-10-06T02:57:45Z	profile	Reuse canonical subscriptions and snapshot keys and the existing mutation owner	Existing installations must retain enabled state, names, IDs and same-day reading without a parallel data model	mobile/src/subscriptions.web.ts; mobile/src/snapshots.web.ts; mobile/tests/subscriptions.test.ts	20 Expo tests passed
2026-10-06T02:57:45Z	articles	Sanitize in an inert document before URL normalization and bounded native rendering	Preparing content in an active document can request images before unsafe destinations are removed	mobile/src/article-content.web.ts; mobile/scripts/verify-articles.ts	8 production browser groups passed with no private requests
2026-10-06T02:57:45Z	review	Restore list and listitem accessibility roles in article HTML	Independent production review found that native list visuals lost screen-reader list navigation	/workspace/scratch/expo-web/review/findings.md; /workspace/scratch/expo-web/review/resolution.md	original failure reproduced and independently verified fixed
2026-10-06T02:57:45Z	browser	Preserve disabled refresh semantics and restore focus only when the document body owns it	The first focus fix removed the disabled state; browser assertions caught the regression	/workspace/scratch/expo-web/browser-final.log; /workspace/scratch/expo-web/browser-fix.log	8 focused browser cases passed after correction
2026-10-06T02:57:45Z	browser	Render manager activity only while the dialog is open and retain mounted drafts	The frozen loading case found a duplicate label in the closed manager	mobile/src/FeedManager.tsx; /workspace/scratch/expo-web/expo-browser-final.log	all 16 sealed reader comparisons have zero changed pixels
2026-10-06T02:57:45Z	transport	Exercise real HTTP chunks, interruption, cancellation and durable completion	Mocked browser fetch alone cannot establish progressive delivery and completion semantics	mobile/scripts/verify-web.ts; /workspace/scratch/expo-web/expo-browser-final.log	14 real HTTP checks passed
2026-10-06T02:57:45Z	runtime	Replay upgrade from the previous production Serwist worker	A synthetic worker alone does not establish compatibility with the shipped cache	scripts/verify-web-runtime.mts; /workspace/scratch/expo-web/runtime-final.log	upgrade and offline shell plus saved article passed; no API cache entries
2026-10-06T02:57:45Z	cleanup	Delete the replaced React DOM UI and unused HTML fallback helper	The web phase must leave one shipped frontend and avoid tests that keep dead UI code alive	git diff --stat HEAD; e2e/migration.spec.ts	obsolete component tests replaced by browser behavior coverage
2026-10-06T02:57:45Z	release	Bump the compatible web migration to version 1.2.7	The deployable frontend changes while public API contracts and browser data remain compatible	package.json; scripts/version-policy.mjs	six release markers synchronized
2026-10-06T02:57:45Z	development	Keep same-origin Metro development and hot updates	Developers need the real Expo compiler and existing APIs behind one origin	scripts/dev.mjs; /workspace/scratch/expo-web/runtime/dev-proof.json	API request, HMR socket and hot update passed with no service worker
2026-10-06T02:59:21Z	evidence	Attach the judge artifact and exact passing logs to the earlier design, profile and article rows	Source links explain implementation but the results need observed evidence	/workspace/scratch/expo-web/design-judgement.md; /workspace/scratch/expo-web/mobile-final.log; /workspace/scratch/expo-web/expo-browser-final.log	supplements design row at 02:38:36 and profile and articles rows
2026-10-06T02:59:21Z	scope	Remove the old hourly retrieval timer	The product vision calls for an open edition that changes on explicit or subscription-driven retrieval	VISION.md; docs/architecture-decisions.md; docs/migrations/expo-web.md; mobile/src/useReader.ts	intentional behavior change documented; no periodic retrieval
2026-10-06T02:59:21Z	environment	Adapt local Docker verification with a temporary CA secret and normalized context permissions	The managed environment requires proxy trust and uses restrictive file creation permissions	/workspace/scratch/expo-web/docker-bin/docker	repository Dockerfile and verification gate remain portable; container checks running
2026-10-06T02:59:21Z	audit	Use a distinct GPT model for the independent trail review	The requested cross-family reviewer is unavailable in this harness and no active workspace transcript directory is present	/workspace/scratch/expo-web/trail-review.md	gpt-6-astra review uses current source and recorded artifacts; cross-family review unavailable
2026-10-06T03:02:20Z	verification	Complete the full repository gate against the replacement web application	Focused successes must converge into the required build, browser, worker and container gate	docs/migrations/expo-web-verification.json; /workspace/scratch/expo-web/full-gate.log	verification status=success; 74 browser passes; 16 zero-pixel comparisons; 8 article groups; 14 HTTP checks
2026-10-06T03:02:20Z	evidence	Preserve portable verification results with raw-log hashes	Scratch paths alone do not survive outside this environment	docs/migrations/expo-web-verification.json	committed fixture outcomes and rerun commands supplement local evidence
2026-10-06T03:02:20Z	packaging	Smoke the nonroot read-only container and replay the old worker upgrade	The generated export and offline assets must work in the shipped standalone image	docs/migrations/expo-web-verification.json; /workspace/scratch/expo-web/container/pwa.log	offline shell and saved article passed; 19 precache assets; no API cache or browser errors
